dataset_index,CID,IUPAC,SMILES,SMILES_variant1,SMILES_variant2,SMILES_variant3,SMILES_variant4,MolecularFormula,MolecularWeight,InChI,InChIKey,Title,XLogP,ExactMass,MonoisotopicMass,TPSA,Complexity,Charge,HBondDonorCount,HBondAcceptorCount,RotatableBondCount,HeavyAtomCount,IsotopeAtomCount,AtomStereoCount,DefinedAtomStereoCount,UndefinedAtomStereoCount,BondStereoCount,DefinedBondStereoCount,UndefinedBondStereoCount,CovalentUnitCount,PatentCount,PatentFamilyCount,LiteratureCount,Volume3D,XStericQuadrupole3D,YStericQuadrupole3D,ZStericQuadrupole3D,FeatureCount3D,FeatureAcceptorCount3D,FeatureDonorCount3D,FeatureAnionCount3D,FeatureCationCount3D,FeatureRingCount3D,FeatureHydrophobeCount3D,ConformerModelRMSD3D,EffectiveRotorCount3D,ConformerCount3D,Fingerprint2D
1,1,3-acetyloxy-4-(trimethylazaniumyl)butanoate,CC(=O)OC(CC(=O)[O-])C[N+](C)(C)C,C[N+](CC(CC([O-])=O)OC(=O)C)(C)C,O=C(C)OC(C[N+](C)(C)C)CC([O-])=O,[O-]C(=O)CC(C[N+](C)(C)C)OC(C)=O,C(=O)(CC(OC(C)=O)C[N+](C)(C)C)[O-],C9H17NO4,203.24,"InChI=1S/C9H17NO4/c1-7(11)14-8(5-9(12)13)6-10(2,3)4/h8H,5-6H2,1-4H3",RDHQFKQIGNGIED-UHFFFAOYSA-N,Acetyl-DL-carnitine,0.4,203.11575802,203.11575802,66.4,214.0,0.0,0.0,4.0,5.0,14.0,0.0,1,0.0,1.0,0,0.0,0.0,1.0,3332,1232,2785,160.7,4.28,3.04,1.21,5.0,3.0,0.0,1.0,1.0,0.0,0.0,0.6,6.0,10,AAADceByOAAAAAAAAAAAAAAAAAAAAAAAAAAAAAAAAAAAAAAAAAAAHgAAAAAACBThgAYCCAMABAAIAACQCAAAAAAAAAAAAAEIAAACABQAgAAHAAAFIAAQAAAkAAAAAAAAAAAAAAAAAAAAAAAAAAAAAAAAAA==
2,2,(2-acetyloxy-3-carboxypropyl)-trimethylazanium,CC(=O)OC(CC(=O)O)C[N+](C)(C)C,C[N+](CC(CC(O)=O)OC(=O)C)(C)C,C[N+](C)(CC(CC(=O)O)OC(C)=O)C,O(C(CC(=O)O)C[N+](C)(C)C)C(=O)C,OC(CC(OC(C)=O)C[N+](C)(C)C)=O,C9H18NO4+,204.24,"InChI=1S/C9H17NO4/c1-7(11)14-8(5-9(12)13)6-10(2,3)4/h8H,5-6H2,1-4H3/p+1",RDHQFKQIGNGIED-UHFFFAOYSA-O,[2-(Acetyloxy)-3-carboxypropyl]trimethylazanium,-0.3,204.12358306,204.12358306,63.6,219.0,1.0,1.0,4.0,6.0,14.0,0.0,1,0.0,1.0,0,0.0,0.0,1.0,3085,1359,469,160.0,4.36,2.6,1.23,5.0,3.0,0.0,1.0,1.0,0.0,0.0,0.6,6.0,10,AAADceByOAAAAAAAAAAAAAAAAAAAAAAAAAAAAAAAAAAAAAAAAAAAHgAACAAACBThgAYCCAMABgAIAACQCAAAAAAAAAAAAAEIAAACABQAgAAHQAAFIAAQAAAkAAAAAAAAAAAAAAAAAAAAAAAAAAAAAAAAAA==
3,3,"5,6-dihydroxycyclohexa-1,3-diene-1-carboxylic acid",O=C(O)C1=CC=CC(O)C1O,C(=O)(O)C1=CC=CC(C1O)O,C1(C(O)=O)=CC=CC(C1O)O,C1C(C(C(C(=O)O)=CC=1)O)O,OC1C(C(C(=O)O)=CC=C1)O,C7H8O4,156.14,"InChI=1S/C7H8O4/c8-5-3-1-2-4(6(5)9)7(10)11/h1-3,5-6,8-9H,(H,10,11)",INCSWYKICIYAHB-UHFFFAOYSA-N,"5,6-Dihydroxycyclohexa-1,3-diene-1-carboxylic acid",-0.3,156.04225873,156.04225873,77.8,229.0,0.0,3.0,4.0,1.0,11.0,0.0,2,0.0,2.0,0,0.0,0.0,1.0,154,83,13,113.9,3.34,1.75,0.89,8.0,4.0,2.0,1.0,0.0,1.0,0.0,0.4,1.4,8,AAADccBgOAAAAAAAAAAAAAAAAAAAAAAAAAAgAAAAAAAAAAAAAAAAGgAACAAADBSggAIACAAAAgCIAiDSCAAAAAAgAAAICAEAAEgJFBYAAQAAUAAF4AAJkYLKAAAAAAAAAAAAAAAAAAAAAAAAAAAAAAAAAA==
4,4,1-aminopropan-2-ol,CC(O)CN,CC(CN)O,C(C)(CN)O,NCC(O)C,C(N)C(O)C,C3H9NO,75.11,"InChI=1S/C3H9NO/c1-3(5)2-4/h3,5H,2,4H2,1H3",HXKKHQJGJAFBHI-UHFFFAOYSA-N,1-Aminopropan-2-ol,-1.0,75.068413911,75.068413911,46.2,22.9,0.0,2.0,2.0,1.0,5.0,0.0,1,0.0,1.0,0,0.0,0.0,1.0,75460,31266,653,63.3,1.98,1.2,0.63,4.0,1.0,2.0,0.0,1.0,0.0,0.0,0.4,1.0,6,AAADccBCIAAAAAAAAAAAAAAAAAAAAAAAAAAAAAAAAAAAAAAAAAAAHgAQCAAACBThgAYCAABAAgAAAAAAAAAAAAAAAAAAAIAAAAACEAAAAAAAAAAAEAAAAAAAAAAAAAAAAAAAAAAAAAAAAAAAAAAAAAAAAA==
5,5,(3-amino-2-oxopropyl) dihydrogen phosphate,NCC(=O)COP(=O)(O)O,C(C(=O)COP(O)(=O)O)N,C(N)C(=O)COP(O)(O)=O,O=P(O)(O)OCC(=O)CN,O(CC(CN)=O)P(=O)(O)O,C3H8NO5P,169.07,"InChI=1S/C3H8NO5P/c4-1-3(5)2-9-10(6,7)8/h1-2,4H2,(H2,6,7,8)",HIQNVODXENYOFK-UHFFFAOYSA-N,3-Amino-2-oxopropyl phosphate,-5.0,169.01400935,169.01400935,110.0,162.0,0.0,3.0,6.0,4.0,10.0,0.0,0,0.0,0.0,0,0.0,0.0,1.0,7,4,3,112.8,6.18,1.12,0.84,7.0,4.0,1.0,1.0,1.0,0.0,0.0,0.6,4.0,10,AAADccBCOAIAAAAAAAAAAAAAAAAAAAAAAAAAAAAAAAAAAAAAAAAAHgAQCCAACAThgAYAAABAARAIQIAQAIIAAAAAAAAAAIDAAAAAAAAAAAAAAAACAAAAAAAAAAAAAAAAAAAAAAAAAAAAAAAAAAAAAAAAAA==
6,6,"1-chloro-2,4-dinitrobenzene",O=[N+]([O-])c1ccc(Cl)c([N+](=O)[O-])c1,c1c(c(ccc1[N+]([O-])=O)Cl)[N+](=O)[O-],c1(cc(ccc1Cl)[N+]([O-])=O)[N+]([O-])=O,c1(c(cc([N+]([O-])=O)cc1)[N+]([O-])=O)Cl,Clc1c(cc([N+]([O-])=O)cc1)[N+]([O-])=O,C6H3ClN2O4,202.55,InChI=1S/C6H3ClN2O4/c7-5-2-1-4(8(10)11)3-6(5)9(12)13/h1-3H,VYZAHLCBVHPDDF-UHFFFAOYSA-N,"1-Chloro-2,4-dinitrobenzene",2.3,201.9781343,201.9781343,91.6,224.0,0.0,0.0,4.0,0.0,13.0,0.0,0,0.0,0.0,0,0.0,0.0,1.0,12139,4796,6885,135.6,4.84,2.25,0.58,7.0,4.0,0.0,2.0,0.0,1.0,0.0,0.6,2.0,1,AAADcQBjOAAEAAAAAAAAAAAAAAAAAAAAAAAwAAAAAAAAAAABAAAAHAIEAAAACAqBECAwwIAQQACBACRCQwCCAAAgBwAoiAAAZooIICKB09GAIABggAAIyAcQAAAAAABAAAQAABAAAIAACAAAIAAAAAAAAA==
7,7,9-ethylpurin-6-amine,CCn1cnc2c(N)ncnc21,c1nc2n(cnc2c(n1)N)CC,C(C)n1cnc2c(N)ncnc12,c1(ncnc2n(CC)cnc12)N,Nc1c2c(ncn1)n(cn2)CC,C7H9N5,163.18,"InChI=1S/C7H9N5/c1-2-12-4-11-5-6(8)9-3-10-7(5)12/h3-4H,2H2,1H3,(H2,8,9,10)",MUIPLRMGAXZWSQ-UHFFFAOYSA-N,9-Ethyladenine,0.2,163.08579531,163.08579531,69.6,162.0,0.0,1.0,4.0,1.0,12.0,0.0,0,0.0,0.0,0,0.0,0.0,1.0,284,138,137,121.0,4.25,1.91,0.69,7.0,0.0,1.0,0.0,4.0,2.0,0.0,0.4,1.0,4,AAADccBjgAAAAAAAAAAAAAAAAAAAAWAAAAAsAAAAAAAAAFgB+AAAHAAQAAAACAjBFwQH8L9MEACgAQZhZACAgC0REKABUCAoVBCASABASEAUBAgIAALAACAAAAAAAAAAAAAAAAAAAAAAAAAAAAAAAAAAAA==
8,8,"2,3-dihydroxy-3-methylpentanoic acid",CCC(C)(O)C(O)C(=O)O,O=C(C(C(O)(CC)C)O)O,C(C)C(C(O)C(O)=O)(C)O,OC(C(=O)O)C(C)(O)CC,O=C(C(C(C)(CC)O)O)O,C6H12O4,148.16,"InChI=1S/C6H12O4/c1-3-6(2,10)4(7)5(8)9/h4,7,10H,3H2,1-2H3,(H,8,9)",PDGXJDXVGMHUIR-UHFFFAOYSA-N,"2,3-Dihydroxy-3-methylpentanoic acid",-0.4,148.07355886,148.07355886,77.8,134.0,0.0,3.0,4.0,3.0,10.0,0.0,2,0.0,2.0,0,0.0,0.0,1.0,485,118,8,112.8,3.11,1.47,1.21,8.0,4.0,2.0,1.0,0.0,0.0,1.0,0.6,3.0,10,AAADccBgOAAAAAAAAAAAAAAAAAAAAAAAAAAAAAAAAAAAAAAAAAAAGgAACAAADFSggAICCAAAAgAIAACQCAIAAAAAAAAAAAFAAAABEBYAAAAAQAAFIAABAACIAAAKAAAAAAAAAAAAAAAAAAAAAAAAAAAAAA==
9,9,"(2,3,4,5,6-pentahydroxycyclohexyl) dihydrogen phosphate",O=P(O)(O)OC1C(O)C(O)C(O)C(O)C1O,OP(O)(=O)OC1C(O)C(O)C(O)C(C1O)O,C1(O)C(O)C(O)C(C(OP(O)(O)=O)C1O)O,O=P(O)(OC1C(C(C(C(C1O)O)O)O)O)O,OC1C(O)C(O)C(O)C(O)C1OP(=O)(O)O,C6H13O9P,260.14,"InChI=1S/C6H13O9P/c7-1-2(8)4(10)6(5(11)3(1)9)15-16(12,13)14/h1-11H,(H2,12,13,14)",INAPMGSXUVUWAF-UHFFFAOYSA-N,"(2,3,4,5,6-Pentahydroxycyclohexyl) dihydrogen phosphate",-4.8,260.02971899,260.02971899,168.0,274.0,0.0,7.0,9.0,2.0,16.0,0.0,4,0.0,4.0,0,0.0,0.0,1.0,12123,4123,1748,167.4,5.36,2.19,0.99,15.0,8.0,5.0,1.0,0.0,1.0,0.0,0.6,3.2,10,AAADccBgPAIAAAAAAAAAAAAAAAAAAAAAAAAwAAAAAAAAAAAAAAAAGgAACCAACBSggAIAAAAAAxAAQAAAAIAAAAAAAAAAAAAAAAABEAIAAAAAQAAFAAABAAHAYAQAAAAAAAAAAAACAAAQAACAAAAAAAAAAA==
10,12,"benzene-1,2,3,5-tetrol",Oc1cc(O)c(O)c(O)c1,Oc1cc(c(c(c1)O)O)O,c1(O)c(cc(O)cc1O)O,c1c(cc(c(O)c1O)O)O,c1(c(O)cc(O)cc1O)O,C6H6O4,142.11,"InChI=1S/C6H6O4/c7-3-1-4(8)6(10)5(9)2-3/h1-2,7-10H",RDJUHLUBPADHNP-UHFFFAOYSA-N,"1,2,3,5-Tetrahydroxybenzene",0.8,142.02660867,142.02660867,80.9,104.0,0.0,4.0,4.0,0.0,10.0,0.0,0,0.0,0.0,0,0.0,0.0,1.0,383,166,36,102.3,2.71,2.16,0.58,5.0,0.0,4.0,0.0,0.0,1.0,0.0,0.4,0.0,1,AAADcYBgOAAAAAAAAAAAAAAAAAAAAAAAAAAwAAAAAAAAAAABAAAAGgAACAAACASAkAAwBoAAAgCAACBCAAACAAAgIAAAiAAGiIgJJyKCERKAcAElwBUJmAfAYAQAAQAACAAAQAACAAAQAACAAAAAAAAAAA==
11,13,"1,2,4-trichlorobenzene",Clc1ccc(Cl)c(Cl)c1,Clc1cc(c(Cl)cc1)Cl,Clc1cc(Cl)ccc1Cl,c1(Cl)cc(ccc1Cl)Cl,c1c(cc(Cl)c(c1)Cl)Cl,C6H3Cl3,181.4,InChI=1S/C6H3Cl3/c7-4-1-2-5(8)6(9)3-4/h1-3H,PBKONEOXTCPAFI-UHFFFAOYSA-N,"1,2,4-Trichlorobenzene",4.0,179.930033,179.930033,0.0,94.3,0.0,0.0,0.0,0.0,9.0,0.0,0,0.0,0.0,0,0.0,0.0,1.0,53502,17140,1990,115.1,3.87,1.95,0.63,1.0,0.0,0.0,0.0,0.0,1.0,0.0,0.4,0.0,1,AAADcQBgAAAGAAAAAAAAAAAAAAAAAAAAAAAwAAAAAAAAAAABAAAAGAIAAAAACAKAECAwAIAAAACAACBCAAACAAAgBQAIikAAAogIICKBExCAIAAggAAIiAcAAAAAAAAQAACAAAQAACAAAQAACAAAAAAAAA==
12,14,7-[3-hydroxy-5-oxo-2-(3-oxooct-1-enyl)cyclopentyl]heptanoic acid,CCCCCC(=O)C=CC1C(O)CC(=O)C1CCCCCCC(=O)O,C(CCCC1C(CC(O)C1C=CC(CCCCC)=O)=O)CCC(O)=O,C(CCCC(=O)O)CCC1C(C=CC(CCCCC)=O)C(O)CC1=O,C(CCCC)C(C=CC1C(CCCCCCC(=O)O)C(CC1O)=O)=O,C(C(=O)O)CCCCCC1C(CC(C1C=CC(=O)CCCCC)O)=O,C20H32O5,352.5,"InChI=1S/C20H32O5/c1-2-3-6-9-15(21)12-13-17-16(18(22)14-19(17)23)10-7-4-5-8-11-20(24)25/h12-13,16-17,19,23H,2-11,14H2,1H3,(H,24,25)",VXPBDCBTMSKCKZ-UHFFFAOYSA-N,7-[3-Hydroxy-5-oxo-2-(3-oxooct-1-enyl)cyclopentyl]heptanoic acid,3.1,352.22497412,352.22497412,91.7,469.0,0.0,2.0,5.0,13.0,25.0,0.0,3,0.0,3.0,1,0.0,1.0,1.0,0,0,5,290.9,12.77,4.66,1.81,12.0,5.0,1.0,1.0,0.0,1.0,4.0,1.6,13.8,10,AAADcfB4OAAAAAAAAAAAAAAAAAAAAYAAAAAAAAAAAAAAAAAAAAAAGgAACAAADRSggAICCAAAAgCIAKDSCAAAAAAgAAAICAEAAEgAEBYAAQAAQAAE4AAIAYOKyOCOgAAAAAAAAAAAAAAAAAAAAIAADAAAAA==
13,15,"17-hydroxy-10,13-dimethyl-1,2,4,5,6,7,8,9,11,12,14,15,16,17-tetradecahydrocyclopenta[a]phenanthren-3-one",CC12CCC3C(CCC4CC(=O)CCC43C)C1CCC2O,OC1C2(C)CCC3C(CCC4C3(CCC(C4)=O)C)C2CC1,C1CC2CC(=O)CCC2(C)C2C1C1C(C(O)CC1)(CC2)C,C1CC2C(C)(C1O)CCC1C3(C)C(CC(=O)CC3)CCC12,C12C(C3C(C(CC3)O)(C)CC2)CCC2C1(CCC(=O)C2)C,C19H30O2,290.4,"InChI=1S/C19H30O2/c1-18-9-7-13(20)11-12(18)3-4-14-15-5-6-17(21)19(15,2)10-8-16(14)18/h12,14-17,21H,3-11H2,1-2H3",NVKAWKQGWWIWPM-UHFFFAOYSA-N,17-Hydroxyandrostan-3-one,3.7,290.224580195,290.224580195,37.3,459.0,0.0,1.0,2.0,0.0,21.0,0.0,7,0.0,7.0,0,0.0,0.0,1.0,14,8,9349,,,,,,,,,,,,,,0,AAADceB4MAAAAAAAAAAAAAAAAAAAAYAAAAAwYMAAAAAAAGDAAAAAGgAACAAADxSggAICAAAAAgAIAIAQAAAAAAAAAAAAAAEAAAAAEBIAAAAAQAAEAAAAAAGIyPCPgAAAAAAAAACAAAQAACAAAIAADAAAAA==
14,17,"2,3-dihydropyridine-2,6-dicarboxylic acid",O=C(O)C1=NC(C(=O)O)CC=C1,C1(CC=CC(C(O)=O)=N1)C(O)=O,C1C(C(O)=O)=NC(C(O)=O)CC=1,C1(N=C(C(=O)O)C=CC1)C(=O)O,C1CC(N=C(C=1)C(O)=O)C(=O)O,C7H7NO4,169.13,"InChI=1S/C7H7NO4/c9-6(10)4-2-1-3-5(8-4)7(11)12/h1-2,5H,3H2,(H,9,10)(H,11,12)",UWOCFOFVIBZJGH-UHFFFAOYSA-N,"2,3-Dihydropyridine-2,6-dicarboxylic acid",-0.1,169.0375077,169.0375077,87.0,279.0,0.0,2.0,5.0,2.0,12.0,0.0,1,0.0,1.0,0,0.0,0.0,1.0,1955,662,61,123.2,4.38,1.93,0.81,8.0,5.0,0.0,2.0,0.0,1.0,0.0,0.6,2.4,6,AAADcYBiOAAAAAAAAAAAAAAAAAAAAAAAAAAgAAAAAAAAAAAAAAAAHgAACAAACCjBgAQACAIAAgCoASDyDAQAAAAgAAAICAGQABgCABAAAQAAQAAEwAAIAAIAAAAAAAAAAAAAAAAAAAAAAAAAAAAAAAAAAA==
15,18,"4,5,6-trihydroxy-2,3-dioxohexanoic acid",O=C(O)C(=O)C(=O)C(O)C(O)CO,OC(CO)C(C(C(C(O)=O)=O)=O)O,OC(CO)C(O)C(=O)C(=O)C(O)=O,OC(C(=O)C(=O)C(=O)O)C(CO)O,C(C(C(=O)O)=O)(=O)C(C(CO)O)O,C6H8O7,192.12,"InChI=1S/C6H8O7/c7-1-2(8)3(9)4(10)5(11)6(12)13/h2-3,7-9H,1H2,(H,12,13)",GJQWCDSAOUMKSE-UHFFFAOYSA-N,"2,3-dioxo-L-gulonic",-1.8,192.02700259,192.02700259,132.0,233.0,0.0,4.0,7.0,5.0,13.0,0.0,2,0.0,2.0,0,0.0,0.0,1.0,7,5,82,133.2,4.26,1.85,1.24,11.0,7.0,3.0,1.0,0.0,0.0,0.0,0.6,5.0,10,AAADccBgOAAAAAAAAAAAAAAAAAAAAAAAAAAAAAAAAAAAAAAAAAAAGgAACAAACBSggAIACAAAAgAIAICQCAIAAAAAAAAAAAFAAAABEBYIAAAAQAAFIAABAAHKbARAAAAAAAAAAAAAAAAAAAAAAAAAAAAAAA==
16,19,"2,3-dihydroxybenzoic acid",O=C(O)c1cccc(O)c1O,OC(c1c(c(O)ccc1)O)=O,Oc1c(c(ccc1)C(=O)O)O,Oc1c(O)c(ccc1)C(=O)O,Oc1c(c(ccc1)C(O)=O)O,C7H6O4,154.12,"InChI=1S/C7H6O4/c8-5-3-1-2-4(6(5)9)7(10)11/h1-3,8-9H,(H,10,11)",GLDQAMYCGOIJDV-UHFFFAOYSA-N,"2,3-Dihydroxybenzoic acid",1.2,154.02660867,154.02660867,77.8,157.0,0.0,3.0,4.0,1.0,11.0,0.0,0,0.0,0.0,0,0.0,0.0,1.0,20142,7609,2241,112.5,3.46,1.97,0.62,6.0,2.0,2.0,1.0,0.0,1.0,0.0,0.4,1.0,3,AAADcYBgOAAAAAAAAAAAAAAAAAAAAAAAAAAwAAAAAAAAAAABAAAAGgAACAAADASAmAAwDoAAAgCIAiDSCAACAAAkIAAIiAEGiMgJJzaCFRKAcUEl4BEJmYfKyDCOAAABAAAIQAAAAAIAABCAAAAAAAAAAA==
17,20,"3-(2,3-dihydroxyphenyl)propanoic acid",O=C(O)CCc1cccc(O)c1O,c1cc(c(c(c1)O)O)CCC(=O)O,C(=O)(CCc1c(c(O)ccc1)O)O,c1cc(CCC(=O)O)c(c(O)c1)O,C(Cc1c(O)c(ccc1)O)C(O)=O,C9H10O4,182.17,"InChI=1S/C9H10O4/c10-7-3-1-2-6(9(7)13)4-5-8(11)12/h1-3,10,13H,4-5H2,(H,11,12)",QZDSXQJWBGMRLU-UHFFFAOYSA-N,"3-(2,3-Dihydroxyphenyl)propanoic acid",1.0,182.0579088,182.0579088,77.8,181.0,0.0,3.0,4.0,3.0,13.0,0.0,0,0.0,0.0,0,0.0,0.0,1.0,229,80,22,138.6,6.66,1.63,0.84,6.0,2.0,2.0,1.0,0.0,1.0,0.0,0.6,3.0,10,AAADccBwOAAAAAAAAAAAAAAAAAAAAAAAAAAwAAAAAAAAAAABAAAAGgAACAAADASAmAAwDoAAAgCIAiDSCAACAAAgIAAIiAEGiIgJJjKCERKAcAEkwBEJmAeI7LTOAAABAAAIQAAAAAIAABCAAAAAAAAAAA==
18,21,2-ethyl-2-hydroxy-3-oxobutanoic acid,CCC(O)(C(C)=O)C(=O)O,C(=O)(C(C(C)=O)(CC)O)O,OC(CC)(C(C)=O)C(O)=O,C(C(C(=O)C)(O)C(O)=O)C,CC(C(C(O)=O)(CC)O)=O,C6H10O4,146.14,"InChI=1S/C6H10O4/c1-3-6(10,4(2)7)5(8)9/h10H,3H2,1-2H3,(H,8,9)",VUQLHQFKACOHNZ-UHFFFAOYSA-N,2-Aceto-2-hydroxybutanoate,-0.2,146.0579088,146.0579088,74.6,163.0,0.0,2.0,4.0,3.0,10.0,0.0,1,0.0,1.0,0,0.0,0.0,1.0,541,170,33,110.7,2.55,1.68,1.28,7.0,4.0,1.0,1.0,0.0,0.0,1.0,0.6,3.0,10,AAADccBgOAAAAAAAAAAAAAAAAAAAAAAAAAAAAAAAAAAAAAAAAAAAGgAACAAADESAgAACCAAAAgAIAICQCAIAAAAAAAAAAAFAAAABABYIAAAAQAAEIAABAAAAAAAKAAAAAAAAAAAAAAAAAAAAAAAAAAAAAA==
19,22,2-hydroxy-2-methyl-3-oxobutanoic acid,CC(=O)C(C)(O)C(=O)O,O=C(O)C(O)(C(C)=O)C,OC(C(O)(C(=O)C)C)=O,C(=O)(C(C(C)=O)(O)C)O,OC(C)(C(=O)O)C(C)=O,C5H8O4,132.11,"InChI=1S/C5H8O4/c1-3(6)5(2,9)4(7)8/h9H,1-2H3,(H,7,8)",NMDWGEGFJUBKLB-UHFFFAOYSA-N,2-Hydroxy-2-methyl-3-oxobutanoic acid,-0.7,132.04225873,132.04225873,74.6,151.0,0.0,2.0,4.0,2.0,9.0,0.0,1,0.0,1.0,0,0.0,0.0,1.0,1774,754,77,98.5,2.59,1.4,1.05,6.0,4.0,1.0,1.0,0.0,0.0,0.0,0.4,2.0,10,AAADccBgOAAAAAAAAAAAAAAAAAAAAAAAAAAAAAAAAAAAAAAAAAAAGgAACAAADESAgAACCAAAAgAIAICQCAIAAAAAAAAAAAFAAAABABQIAAAAQAAEIAABAAAAAAAIAAAAAAAAAAAAAAAAAAAAAAAAAAAAAA==
20,23,2-amino-3-(3-oxoprop-1-enyl)but-2-enedioic acid,NC(C(=O)O)=C(C=CC=O)C(=O)O,OC(=O)C(=C(C=CC=O)C(O)=O)N,C(C=O)=CC(C(=O)O)=C(C(=O)O)N,NC(C(O)=O)=C(C=CC=O)C(O)=O,C(=CC(C(O)=O)=C(N)C(O)=O)C=O,C7H7NO5,185.13,"InChI=1S/C7H7NO5/c8-5(7(12)13)4(6(10)11)2-1-3-9/h1-3H,8H2,(H,10,11)(H,12,13)",KACPVQQHDVBVFC-UHFFFAOYSA-N,2-Amino-3-(3-oxo-1-propen-1-yl)-2-butenedioic acid,-0.5,185.03242232,185.03242232,118.0,302.0,0.0,3.0,6.0,4.0,13.0,0.0,0,0.0,0.0,2,0.0,2.0,1.0,108,36,4,135.6,4.68,2.61,0.9,9.0,5.0,1.0,2.0,1.0,0.0,0.0,0.6,4.0,9,AAADcYBiOAAAAAAAAAAAAAAAAAAAAAAAAAAAAAAAAAAAAAAAAAAAHgAQCAAADAihgAIACABAAgCIAizSyAAAAAAgAAAICAGAAEgKBAAAAQAAUAAAQAAIkcIAAAAAAAAAAAAAAAAAAAAAAAAAAAAAAAAAAA==
21,28,"2-aminohexa-2,4-dienedioic acid",NC(=CC=CC(=O)O)C(=O)O,OC(C(N)=CC=CC(O)=O)=O,OC(C=CC=C(C(=O)O)N)=O,O=C(O)C(=CC=CC(=O)O)N,C(N)(=CC=CC(O)=O)C(O)=O,C6H7NO4,157.12,"InChI=1S/C6H7NO4/c7-4(6(10)11)2-1-3-5(8)9/h1-3H,7H2,(H,8,9)(H,10,11)",ZRHONLCTYUYMIQ-UHFFFAOYSA-N,"2,4-Hexadienedioicacid, 2-amino-",-0.3,157.0375077,157.0375077,101.0,229.0,0.0,3.0,5.0,3.0,11.0,0.0,0,0.0,0.0,2,0.0,2.0,1.0,33,26,2,116.7,7.67,1.28,0.57,8.0,4.0,1.0,2.0,1.0,0.0,0.0,0.6,3.0,5,AAADcYBiOAAAAAAAAAAAAAAAAAAAAAAAAAAAAAAAAAAAAAAAAAAAHgAQCAAACAiBgAAACABAAgCIACTSSAAAAAAAAgAICACAAEAKBAAAAQAAEAAAAAAAkYAAAAAAAAAAAAAAAAAAAAAAAAAAAAAAAAAAAA==
22,29,2-amino-3-oxopropanoic acid,NC(C=O)C(=O)O,OC(=O)C(C=O)N,O=CC(N)C(O)=O,O=CC(N)C(=O)O,O=CC(C(O)=O)N,C3H5NO3,103.08,"InChI=1S/C3H5NO3/c4-2(1-5)3(6)7/h1-2H,4H2,(H,6,7)",XMTCKNXTTXDPJX-UHFFFAOYSA-N,3-Oxoalanine,-3.7,103.026943022,103.026943022,80.4,90.2,0.0,2.0,4.0,2.0,7.0,0.0,1,0.0,1.0,0,0.0,0.0,1.0,597,108,105,74.7,2.0,1.49,0.74,7.0,3.0,1.0,2.0,1.0,0.0,0.0,0.4,2.0,10,AAADcYBCMAAAAAAAAAAAAAAAAAAAAAAAAAAAAAAAAAAAAAAAAAAAHgAQCAAACCjhgAYACABAAgAIAAiQiAAAAAAAAAAAAIGAAAACAAQIAAAAQAAAMAAAAAAAAAAAAAAAAAAAAAAAAAAAAAAAAAAAAAAAAA==
23,30,"2-amino-6-oxohexa-2,4-dienoic acid",NC(=CC=CC=O)C(=O)O,C(=CC=CC=O)(C(O)=O)N,C(=C(N)C(O)=O)C=CC=O,NC(C(=O)O)=CC=CC=O,C(C=O)=CC=C(C(O)=O)N,C6H7NO3,141.12,"InChI=1S/C6H7NO3/c7-5(6(9)10)3-1-2-4-8/h1-4H,7H2,(H,9,10)",QCGTZPZKJPTAEP-UHFFFAOYSA-N,"2-Amino-6-oxohexa-2,4-dienoic acid",-0.3,141.042593085,141.042593085,80.4,193.0,0.0,2.0,4.0,3.0,10.0,0.0,0,0.0,0.0,2,0.0,2.0,1.0,103,34,2,109.3,7.33,1.14,0.58,6.0,3.0,1.0,1.0,1.0,0.0,0.0,0.6,3.0,5,AAADcYBiMAAAAAAAAAAAAAAAAAAAAAAAAAAAAAAAAAAAAAAAAAAAHgAQCAAACAihgAIACABAAgCIACzSyAAAAAAAAgAICACAAEAKBAAAAQAAEAAAAAAAkYAAAAAAAAAAAAAAAAAAAAAAAAAAAAAAAAAAAA==
24,31,"(2,3,4-trihydroxy-3-methylbutyl) dihydrogen phosphate",CC(O)(CO)C(O)COP(=O)(O)O,O=P(O)(OCC(O)C(C)(CO)O)O,CC(C(COP(O)(=O)O)O)(CO)O,OP(OCC(C(C)(CO)O)O)(=O)O,OC(C(COP(=O)(O)O)O)(CO)C,C5H13O7P,216.13,"InChI=1S/C5H13O7P/c1-5(8,3-6)4(7)2-12-13(9,10)11/h4,6-8H,2-3H2,1H3,(H2,9,10,11)",XMWHRVNVKDKBRG-UHFFFAOYSA-N,"(2,3,4-Trihydroxy-3-methylbutyl) dihydrogen phosphate",-3.3,216.03988975,216.03988975,127.0,201.0,0.0,5.0,7.0,5.0,13.0,0.0,2,0.0,2.0,0,0.0,0.0,1.0,108,37,3,147.0,6.43,1.54,1.16,10.0,6.0,3.0,1.0,0.0,0.0,0.0,0.6,5.0,10,AAADccBgOAIAAAAAAAAAAAAAAAAAAAAAAAAAAAAAAAAAAAAAAAAAGgAACCAADFSggAICAAAAAxAAQAAAAIAAAAAAAAAAAAAAAAABEAAAAAAAQAAFAAABAABAAAAIAAAAAAAAAAAAAAAAAAAAAAAAAAAAAA==
25,32,"buta-1,3-diene-1,1,4-tricarboxylic acid",O=C(O)C=CC=C(C(=O)O)C(=O)O,C(C=CC=C(C(O)=O)C(=O)O)(=O)O,OC(=O)C(=CC=CC(=O)O)C(O)=O,OC(=O)C(=CC=CC(O)=O)C(=O)O,C(C=C(C(O)=O)C(=O)O)=CC(O)=O,C7H6O6,186.12,"InChI=1S/C7H6O6/c8-5(9)3-1-2-4(6(10)11)7(12)13/h1-3H,(H,8,9)(H,10,11)(H,12,13)",SLUDRBHRUDRZJZ-UHFFFAOYSA-N,"1,3-Butadiene-1,1,4-tricarboxylic acid",1.0,186.01643791,186.01643791,112.0,282.0,0.0,3.0,6.0,4.0,13.0,0.0,0,0.0,0.0,1,0.0,1.0,1.0,23,17,0,135.6,6.98,1.83,0.73,9.0,6.0,0.0,3.0,0.0,0.0,0.0,0.6,4.0,10,AAADcYBgOAAAAAAAAAAAAAAAAAAAAAAAAAAAAAAAAAAAAAAAAAAAGgAACAAADACAgAAACAAAAgCIAiDSCAAAAAAAAAAICAEAAEAIBAQIAQAAUAABIAAAkYAAAAAAAAAAAAAAAAAAAAAAAAAAAAAAAAAAAA==
26,33,2-chloroacetaldehyde,O=CCCl,ClCC=O,C(=O)CCl,C(Cl)C=O,C(C=O)Cl,C2H3ClO,78.5,"InChI=1S/C2H3ClO/c3-1-2-4/h2H,1H2",QSKPIOLLBIHNAC-UHFFFAOYSA-N,Chloroacetaldehyde,0.3,77.9872424,77.9872424,17.1,20.0,0.0,0.0,1.0,1.0,4.0,0.0,0,0.0,0.0,0,0.0,0.0,1.0,33074,12044,1330,55.6,1.94,1.03,0.6,1.0,1.0,0.0,0.0,0.0,0.0,0.0,0.4,1.0,3,AAADcQBAIAAEAAAAAAAAAAAAAAAAAAAAAAAAAAAAAAAAAAAAAAAAGgIAAAAAAAOggEIAAAAAAAAIAAgQgAAAAAAAAAAAAAAAAABAAAAAAAAAAAAAAAAAAAAAAAAAAAAAAAAAAAAAAAAAAAAAAAAAAAAAAA==
27,34,2-chloroethanol,OCCCl,C(CO)Cl,C(CCl)O,ClCCO,C(Cl)CO,C2H5ClO,80.51,"InChI=1S/C2H5ClO/c3-1-2-4/h4H,1-2H2",SZIFAVKTNFCBPC-UHFFFAOYSA-N,2-Chloroethanol,-0.1,80.0028925,80.0028925,20.2,10.0,0.0,1.0,1.0,1.0,4.0,0.0,0,0.0,0.0,0,0.0,0.0,1.0,35304,17208,1796,57.5,2.0,0.99,0.66,2.0,1.0,1.0,0.0,0.0,0.0,0.0,0.4,1.0,3,AAADcYBAIAAEAAAAAAAAAAAAAAAAAAAAAAAAAAAAAAAAAAAAAAAAGgIACAAAAAOggEIAAAAAAgAAAAAAAAAAAAAAAAAAAAAAAQAAEAAAAAAAAAAAAAAAAAAAAAAAAAAAAAAAAAAAAAAAAAAAAAAAAAAAAA==
28,35,2-(2-chloro-5-oxofuran-2-yl)acetic acid,O=C(O)CC1(Cl)C=CC(=O)O1,ClC1(CC(O)=O)OC(=O)C=C1,C1=CC(Cl)(OC1=O)CC(=O)O,C(O)(CC1(Cl)OC(C=C1)=O)=O,C1=CC(OC1(CC(O)=O)Cl)=O,C6H5ClO4,176.55,"InChI=1S/C6H5ClO4/c7-6(3-4(8)9)2-1-5(10)11-6/h1-2H,3H2,(H,8,9)",WGZZDRVKIXVYEI-UHFFFAOYSA-N,"(2-Chloro-5-oxo-2,5-dihydro-2-furyl)acetic acid",0.3,175.9876363,175.9876363,63.6,235.0,0.0,1.0,4.0,2.0,11.0,0.0,1,0.0,1.0,0,0.0,0.0,1.0,0,0,0,118.8,4.01,1.45,1.09,5.0,3.0,0.0,1.0,0.0,1.0,0.0,0.6,2.4,10,AAADcYBgOAAEAAAAAAAAAAAAAAAAAQAAAAAAAAAAAAAAAAAAAAAAGgIACAAACAaAgAAACAAABgCIACDSCAAAAAAgAAAICAEAAkgABBQAIAACUAAFoAAIIYIAAAAAAAAAAAAAAAAAAAAAAAAAAAAAAAAAAA==
29,36,2-hydroxy-3-propan-2-ylbutanedioic acid,CC(C)C(C(=O)O)C(O)C(=O)O,O=C(C(O)C(C(C)C)C(=O)O)O,C(C(C(C)C)C(O)=O)(C(=O)O)O,O=C(C(C(O)C(O)=O)C(C)C)O,C(C(C(C(=O)O)O)C(C)C)(=O)O,C7H12O5,176.17,"InChI=1S/C7H12O5/c1-3(2)4(6(9)10)5(8)7(11)12/h3-5,8H,1-2H3,(H,9,10)(H,11,12)",RNQHMTFBUSSBJQ-UHFFFAOYSA-N,2-Hydroxy-3-isopropylsuccinic acid,0.0,176.06847348,176.06847348,94.8,186.0,0.0,3.0,5.0,4.0,12.0,0.0,2,0.0,2.0,0,0.0,0.0,1.0,1305,448,129,132.5,3.58,1.9,1.2,9.0,5.0,1.0,2.0,0.0,0.0,1.0,0.6,4.0,10,AAADccBgOAAAAAAAAAAAAAAAAAAAAAAAAAAAAAAAAAAAAAAAAAAAGgAACAAADRSggAICCAAAAgAIAACQCAIAAAAAAAAAAAFAAAABEBYAAAAAQAAFIAABAADLAAAOgAAAAAAAAAAAAAAAAAAAAAAAAAAAAA==
30,37,"4,5,6-trihydroxy-2-oxohexanoic acid",O=C(O)C(=O)CC(O)C(O)CO,C(O)(C(=O)CC(C(O)CO)O)=O,OCC(C(CC(C(=O)O)=O)O)O,OC(C(CO)O)CC(C(O)=O)=O,C(C(=O)C(O)=O)C(C(CO)O)O,C6H10O6,178.14,"InChI=1S/C6H10O6/c7-2-5(10)3(8)1-4(9)6(11)12/h3,5,7-8,10H,1-2H2,(H,11,12)",WPAMZTWLKIDIOP-UHFFFAOYSA-N,3-Deoxyhex-2-ulosonic acid,-2.3,178.04773803,178.04773803,115.0,177.0,0.0,4.0,6.0,5.0,12.0,0.0,2,0.0,2.0,0,0.0,0.0,1.0,35,11,0,126.9,6.5,1.36,0.79,10.0,6.0,3.0,1.0,0.0,0.0,0.0,0.6,5.0,10,AAADccBgOAAAAAAAAAAAAAAAAAAAAAAAAAAAAAAAAAAAAAAAAAAAGgAACAAACBSggAIACAAAAgAIAICQCAIAAAAAAAAAAAFAAAABEBYAAAAAQAAFIAABAAHKbARAAAAAAAAAAAAAAAAAAAAAAAAAAAAAAA==
31,38,"4-hydroxy-3,3-dimethyl-2-oxobutanoic acid",CC(C)(CO)C(=O)C(=O)O,CC(CO)(C)C(=O)C(O)=O,C(C)(C)(C(=O)C(=O)O)CO,O=C(C(=O)C(C)(C)CO)O,OC(=O)C(C(C)(CO)C)=O,C6H10O4,146.14,"InChI=1S/C6H10O4/c1-6(2,3-7)4(8)5(9)10/h7H,3H2,1-2H3,(H,9,10)",PKVVTUWHANFMQC-UHFFFAOYSA-N,2-Dehydropantoate,-0.1,146.0579088,146.0579088,74.6,159.0,0.0,2.0,4.0,3.0,10.0,0.0,0,0.0,0.0,0,0.0,0.0,1.0,534,189,29,109.9,2.7,1.41,1.34,7.0,4.0,1.0,1.0,0.0,0.0,1.0,0.6,3.0,10,AAADccBgOAAAAAAAAAAAAAAAAAAAAAAAAAAAAAAAAAAAAAAAAAAAGgAACAAADgSggAICCAAAAgAIAICQCAIAAAAAAAAAAAFAAAAAEBQAAAAAQAAEIAAAAABCAAAJAAAAAAAAAAAAAAAAAAAAAAAAAAAAAA==
32,39,"4,4-dimethyloxolane-2,3-dione",CC1(C)COC(=O)C1=O,O=C1C(C)(C)COC1=O,C1(C(C(=O)OC1)=O)(C)C,O=C1C(C)(COC1=O)C,O1CC(C(=O)C1=O)(C)C,C6H8O3,128.13,"InChI=1S/C6H8O3/c1-6(2)3-9-5(8)4(6)7/h3H2,1-2H3",HRTOQFBQOFIFEE-UHFFFAOYSA-N,"Dihydro-4,4-dimethyl-2,3-Furandione",0.6,128.047344113,128.047344113,43.4,169.0,0.0,0.0,3.0,0.0,9.0,0.0,0,0.0,0.0,0,0.0,0.0,1.0,272,101,78,99.1,2.48,1.44,0.98,4.0,2.0,0.0,0.0,0.0,1.0,1.0,0.4,0.6,2,AAADccBgMAAAAAAAAAAAAAAAAAAAASAAAAAAAAAAAAAAAAAAAAAAGgAAAAAADgSggAICCAAABAAIAICQCAIAAAAAAAAAAAFAAAAAABQAAAQCAAAEIAAAAAACAAAJAAAAAAAAAAAAAAAAAAAAAAAAAAAAAA==
33,40,"6-(hydroxymethyl)oxane-2,4,5-triol",OCC1OC(O)CC(O)C1O,C1C(OC(C(C1O)O)CO)O,C1(CO)C(C(CC(O)O1)O)O,OC1CC(O)OC(C1O)CO,C1(C(C(O)CC(O1)O)O)CO,C6H12O5,164.16,"InChI=1S/C6H12O5/c7-2-4-6(10)3(8)1-5(9)11-4/h3-10H,1-2H2",PMMURAAUARKVCB-UHFFFAOYSA-N,2-Deoxyhexopyranose,-1.6,164.06847348,164.06847348,90.2,128.0,0.0,4.0,5.0,1.0,11.0,0.0,4,0.0,4.0,0,0.0,0.0,1.0,176,73,37,116.0,3.17,2.52,0.64,10.0,5.0,4.0,0.0,0.0,1.0,0.0,0.6,2.2,10,AAADccBgOAAAAAAAAAAAAAAAAAAAAAAAAAAkAAAAAAAAAAAAAAAAGgAACAAACBSwgAMACAAABgAAAAAAAAAAAAAAAAAAAAAAAAAREAIAAAACQAAFAAAHAAHAYAQAAAAAAAAAAAAAAAAAAAAAAAAAAAAAAA==
34,41,(2-hydroxy-5-methylsulfanyl-3-oxopent-1-enyl) dihydrogen phosphate,CSCCC(=O)C(O)=COP(=O)(O)O,C(C(CCSC)=O)(O)=COP(O)(O)=O,S(C)CCC(C(O)=COP(O)(O)=O)=O,C(=C(O)C(=O)CCSC)OP(O)(O)=O,O=C(C(=COP(=O)(O)O)O)CCSC,C6H11O6PS,242.19,"InChI=1S/C6H11O6PS/c1-14-3-2-5(7)6(8)4-12-13(9,10)11/h4,8H,2-3H2,1H3,(H2,9,10,11)",YIEMFVNCENFBSD-UHFFFAOYSA-N,"1-Penten-3-one, 2-hydroxy-5-(methylthio)-1-(phosphonooxy)-",-1.0,242.00139624,242.00139624,129.0,270.0,0.0,3.0,7.0,6.0,14.0,0.0,0,0.0,0.0,1,0.0,1.0,1.0,0,0,0,167.9,9.55,2.66,0.78,7.0,4.0,1.0,1.0,0.0,0.0,1.0,0.6,6.0,10,AAADccBgOAJAAAAAAAAAAAAAAAAAAAAAAAAAAAAAAAAAAAAAAAAAGgQACCAACASkwAKCAAAAAxiIQIBSAIIAAAAgIBAAAAFAAEgAAAAgAAAAQAAEgAAAAIAAAAAAAAAAAAAAAAAAAAAAAAAAAAAAAAAAAA==
35,42,"2-hydroxy-6-oxonona-2,4-dienedioic acid",O=C(O)CCC(=O)C=CC=C(O)C(=O)O,C(C=CC=C(O)C(O)=O)(CCC(=O)O)=O,C(C(=CC=CC(CCC(=O)O)=O)O)(O)=O,C(C(=O)O)CC(C=CC=C(C(O)=O)O)=O,O=C(CCC(C=CC=C(O)C(O)=O)=O)O,C9H10O6,214.17,"InChI=1S/C9H10O6/c10-6(4-5-8(12)13)2-1-3-7(11)9(14)15/h1-3,11H,4-5H2,(H,12,13)(H,14,15)",RFENOVFRMPRRJI-UHFFFAOYSA-N,"2-Hydroxy-6-oxonona-2,4-dienedioic acid",-0.4,214.04773803,214.04773803,112.0,326.0,0.0,3.0,6.0,6.0,15.0,0.0,0,0.0,0.0,2,0.0,2.0,1.0,4,3,1,160.9,15.07,1.32,0.58,8.0,5.0,1.0,2.0,0.0,0.0,0.0,0.8,6.0,10,AAADccBwOAAAAAAAAAAAAAAAAAAAAAAAAAAAAAAAAAAAAAAAAAAAGgAACAAACASAgAAACAAAAgCIAKDSCAIAAAAgIAAICAFAAEgJBBIAAQAAUAAEgAAJkYKLAAAAAAAAAAAAAAAAAAAAAAAAAAAAAAAAAA==
36,43,2-hydroxypentanedioic acid,O=C(O)CCC(O)C(=O)O,O=C(CCC(O)C(=O)O)O,OC(CCC(O)=O)C(=O)O,O=C(C(O)CCC(O)=O)O,C(CC(C(=O)O)O)C(O)=O,C5H8O5,148.11,"InChI=1S/C5H8O5/c6-3(5(9)10)1-2-4(7)8/h3,6H,1-2H2,(H,7,8)(H,9,10)",HWXBTNAVRSUOJR-UHFFFAOYSA-N,2-Hydroxyglutaric acid,-1.0,148.03717335,148.03717335,94.8,141.0,0.0,3.0,5.0,4.0,10.0,0.0,1,0.0,1.0,0,0.0,0.0,1.0,2721,944,1007,107.2,4.52,1.24,1.05,8.0,5.0,1.0,2.0,0.0,0.0,0.0,0.6,4.0,10,AAADccBgOAAAAAAAAAAAAAAAAAAAAAAAAAAAAAAAAAAAAAAAAAAAGgAACAAACBSggAIACAAAAgAIAACQCAIAAAAAAAAAAAFAAAABEBIAAAAAQAAEAAABAADKJgAAAAAAAAAAAAAAAAAAAAAAAAAAAAAAAA==
37,44,2-hydroxypropanedioate,O=C([O-])C(O)C(=O)[O-],O=C(C(O)C([O-])=O)[O-],C(C(C([O-])=O)O)(=O)[O-],[O-]C(C(O)C(=O)[O-])=O,C(C(C(=O)[O-])O)(=O)[O-],C3H2O5-2,118.04,"InChI=1S/C3H4O5/c4-1(2(5)6)3(7)8/h1,4H,(H,5,6)(H,7,8)/p-2",ROBFUDYVXSDBQM-UHFFFAOYSA-L,Tartronate,0.2,117.99022316,117.99022316,101.0,91.8,-2.0,1.0,5.0,0.0,8.0,0.0,0,0.0,0.0,0,0.0,0.0,1.0,778,303,41,80.8,2.35,1.28,0.85,9.0,5.0,1.0,3.0,0.0,0.0,0.0,0.4,2.0,4,AAADcQBAOAAAAAAAAAAAAAAAAAAAAAAAAAAAAAAAAAAAAAAAAAAAGgAACAAACBSggAIACAAAAgAIAACQCAIAAAAAAAAAAAFAAAABEAQIAAAAAAABIAABAAAAAAAAAAAAAAAAAAAAAAAAAAAAAAAAAAAAAA==
38,45,2-hydroxypropanedioic acid,O=C(O)C(O)C(=O)O,C(C(O)=O)(O)C(=O)O,OC(C(C(O)=O)O)=O,C(C(O)C(O)=O)(O)=O,O=C(O)C(C(O)=O)O,C3H4O5,120.06,"InChI=1S/C3H4O5/c4-1(2(5)6)3(7)8/h1,4H,(H,5,6)(H,7,8)",ROBFUDYVXSDBQM-UHFFFAOYSA-N,Tartronic acid,-1.1,120.00587322,120.00587322,94.8,103.0,0.0,3.0,5.0,2.0,8.0,0.0,0,0.0,0.0,0,0.0,0.0,1.0,17336,5879,318,81.5,2.44,1.46,0.71,9.0,5.0,1.0,3.0,0.0,0.0,0.0,0.4,2.0,9,AAADcYBAOAAAAAAAAAAAAAAAAAAAAAAAAAAAAAAAAAAAAAAAAAAAGgAACAAACBSggAIACAAAAgAIAACQCAIAAAAAAAAAAAFAAAABEAQIAAAAQAABIAABAAAAAAAAAAAAAAAAAAAAAAAAAAAAAAAAAAAAAA==
39,46,"4,5-dihydroxy-2-oxo-6-phosphonooxyhexanoic acid",O=C(O)C(=O)CC(O)C(O)COP(=O)(O)O,C(COP(=O)(O)O)(O)C(CC(C(O)=O)=O)O,O(P(O)(O)=O)CC(O)C(O)CC(=O)C(O)=O,OC(C(CC(O)C(COP(O)(O)=O)O)=O)=O,OC(C(=O)CC(C(COP(O)(O)=O)O)O)=O,C6H11O9P,258.12,"InChI=1S/C6H11O9P/c7-3(1-4(8)6(10)11)5(9)2-15-16(12,13)14/h3,5,7,9H,1-2H2,(H,10,11)(H2,12,13,14)",OVPRPPOVAXRCED-UHFFFAOYSA-N,3-Deoxy-6-O-phosphonohex-2-ulosonic acid,-3.4,258.01406892,258.01406892,162.0,307.0,0.0,5.0,9.0,7.0,16.0,0.0,2,0.0,2.0,0,0.0,0.0,1.0,3,3,0,171.3,12.64,1.27,0.85,12.0,8.0,2.0,2.0,0.0,0.0,0.0,0.8,7.0,10,AAADccBgPAIAAAAAAAAAAAAAAAAAAAAAAAAAAAAAAAAAAAAAAAAAGgAACCAACBSggAIACAAAAxAIQICQCIIAAAAAAAAAAAFAAAABEBYAAAAAQAAFIAABAAHKbARAAAAAAAAAAAAAAAAAAAAAAAAAAAAAAA==
40,47,3-methyl-2-oxopentanoic acid,CCC(C)C(=O)C(=O)O,CCC(C)C(=O)C(O)=O,OC(C(=O)C(C)CC)=O,C(C)C(C(C(O)=O)=O)C,C(C)(C(C(=O)O)=O)CC,C6H10O3,130.14,"InChI=1S/C6H10O3/c1-3-4(2)5(7)6(8)9/h4H,3H2,1-2H3,(H,8,9)",JVQYSWDUAOAHFM-UHFFFAOYSA-N,3-Methyl-2-oxovaleric acid,1.1,130.062994177,130.062994177,54.4,128.0,0.0,1.0,3.0,3.0,9.0,0.0,1,0.0,1.0,0,0.0,0.0,1.0,2777,738,316,103.4,3.16,1.57,0.99,6.0,3.0,0.0,1.0,0.0,0.0,2.0,0.6,3.0,10,AAADccBgMAAAAAAAAAAAAAAAAAAAAAAAAAAAAAAAAAAAAAAAAAAAGgAACAAADQSAgAACCAAAAgAIAICQCAIAAAAAAAAAAAFAAAAAABIAAAAAQAAEAAAAAACIAAAKAAAAAAAAAAAAAAAAAAAAAAAAAAAAAA==
41,49,3-methyl-2-oxobutanoic acid,CC(C)C(=O)C(=O)O,O=C(C(O)=O)C(C)C,OC(=O)C(C(C)C)=O,CC(C)C(=O)C(O)=O,O=C(C(C)C)C(=O)O,C5H8O3,116.11,"InChI=1S/C5H8O3/c1-3(2)4(6)5(7)8/h3H,1-2H3,(H,7,8)",QHKABHOOEWYVLI-UHFFFAOYSA-N,3-Methyl-2-oxobutanoic acid,0.7,116.047344113,116.047344113,54.4,115.0,0.0,1.0,3.0,2.0,8.0,0.0,0,0.0,0.0,0,0.0,0.0,1.0,5344,1639,814,91.1,2.95,1.34,0.86,5.0,3.0,0.0,1.0,0.0,0.0,1.0,0.4,2.0,5,AAADccBgMAAAAAAAAAAAAAAAAAAAAAAAAAAAAAAAAAAAAAAAAAAAGgAACAAADQSAgAACCAAAAgAIAICQCAIAAAAAAAAAAAFAAAAAABAAAAAAQAAEAAAAAAAAAAAIAAAAAAAAAAAAAAAAAAAAAAAAAAAAAA==
42,50,"3,4,5,6-tetrahydroxy-2-oxohexanoic acid",O=C(O)C(=O)C(O)C(O)C(O)CO,OC(CO)C(O)C(O)C(=O)C(=O)O,C(=O)(O)C(=O)C(O)C(O)C(CO)O,C(C(O)C(C(=O)C(O)=O)O)(CO)O,C(CO)(C(O)C(C(C(O)=O)=O)O)O,C6H10O7,194.14,"InChI=1S/C6H10O7/c7-1-2(8)3(9)4(10)5(11)6(12)13/h2-4,7-10H,1H2,(H,12,13)",VBUYCZFBVCCYFD-UHFFFAOYSA-N,2-keto-L-gluconate,-2.9,194.04265265,194.04265265,135.0,201.0,0.0,5.0,7.0,5.0,13.0,0.0,3,0.0,3.0,0,0.0,0.0,1.0,1258,483,196,134.8,5.58,1.54,1.07,12.0,7.0,4.0,1.0,0.0,0.0,0.0,0.6,5.0,10,AAADccBgOAAAAAAAAAAAAAAAAAAAAAAAAAAAAAAAAAAAAAAAAAAAGgAACAAACBSggAIACAAAAgAIAICQCAIAAAAAAAAAAAFAAAABEBYAAAAAQAAFIAABAAHKbARAAAAAAAAAAAAAAAAAAAAAAAAAAAAAAA==
43,51,2-oxopentanedioic acid,O=C(O)CCC(=O)C(=O)O,O=C(CCC(O)=O)C(O)=O,C(O)(C(CCC(=O)O)=O)=O,C(=O)(O)CCC(=O)C(O)=O,OC(CCC(=O)C(=O)O)=O,C5H6O5,146.1,"InChI=1S/C5H6O5/c6-3(5(9)10)1-2-4(7)8/h1-2H2,(H,7,8)(H,9,10)",KPGXRSRHYNQIFN-UHFFFAOYSA-N,2-Oxoglutaric acid,-0.9,146.02152329,146.02152329,91.7,171.0,0.0,2.0,5.0,4.0,10.0,0.0,0,0.0,0.0,0,0.0,0.0,1.0,37748,13304,10804,105.7,5.91,1.32,0.57,7.0,5.0,0.0,2.0,0.0,0.0,0.0,0.6,4.0,10,AAADcYBgOAAAAAAAAAAAAAAAAAAAAAAAAAAAAAAAAAAAAAAAAAAAGgAACAAACASAgAAACAAAAgAIAICQCAIAAAAAAAAAAAFAAAAAABIAAAAAQAAEAAAAAACLJgAAAAAAAAAAAAAAAAAAAAAAAAAAAAAAAA==
44,55,"3-(3,7,11,15,19,23,27,31-octamethyldotriaconta-2,6,10,14,18,22,26,30-octaenyl)benzene-1,2-diol",CC(C)=CCCC(C)=CCCC(C)=CCCC(C)=CCCC(C)=CCCC(C)=CCCC(C)=CCCC(C)=CCc1cccc(O)c1O,C(C=C(C)CCC=C(C)CCC=C(C)CCC=C(C)CCC=C(C)CCC=C(C)C)CC(=CCCC(=CCc1cccc(c1O)O)C)C,C(CC=C(C)CCC=C(CCC=C(CCC=C(CCC=C(C)C)C)C)C)C(=CCCC(=CCCC(=CCc1cccc(c1O)O)C)C)C,c1(c(CC=C(CCC=C(CCC=C(C)CCC=C(C)CCC=C(CCC=C(CCC=C(CCC=C(C)C)C)C)C)C)C)cccc1O)O,C(C(=CCCC(=CCCC(=CCCC(=CCCC(C)=CCc1cccc(O)c1O)C)C)C)C)CC=C(CCC=C(C)CCC=C(C)C)C,C46H70O2,655.0,"InChI=1S/C46H70O2/c1-36(2)18-10-19-37(3)20-11-21-38(4)22-12-23-39(5)24-13-25-40(6)26-14-27-41(7)28-15-29-42(8)30-16-31-43(9)34-35-44-32-17-33-45(47)46(44)48/h17-18,20,22,24,26,28,30,32-34,47-48H,10-16,19,21,23,25,27,29,31,35H2,1-9H3",YNPGYMZVNLIZLD-UHFFFAOYSA-N,"3-(3,7,11,15,19,23,27,31-Octamethyldotriaconta-2,6,10,14,18,22,26,30-octaenyl)benzene-1,2-diol",16.1,654.53758147,654.53758147,40.5,1140.0,0.0,2.0,2.0,23.0,48.0,0.0,0,0.0,0.0,7,0.0,7.0,1.0,0,0,0,,,,,,,,,,,,,,0,AAADcfB8MAAAAAAAAAAAAAAAAAAAAAAAAAAwAAAAAAAAAAABAAAAGgAACAAADASAmAAyBoAAAgCAAiBCAAACAAAgIAAIiAAGiIgJJiKCERKAcAEkwBEJmAeAwLAOAAABAAAIQAAAAAIAABCAAAAAAAAAAA==
45,56,"2-(3,7,11,15,19,23,27-heptamethyldotriaconta-2,6,10,14,18,22,26,30-octaenyl)-6-methoxyphenol",CC=CCCC(C)=CCCC(C)=CCCC(C)=CCCC(C)=CCCC(C)=CCCC(C)=CCCC(C)=CCc1cccc(OC)c1O,C(CC(=CCCC(=CCCC(=CCCC(=CCCC(=CCCC(=CCc1c(c(OC)ccc1)O)C)C)C)C)C)C)C=C(CCC=CC)C,C(C=C(CCC=C(C)CCC=C(CCC=C(CCC=C(CCC=C(CCC=C(C)CCC=CC)C)C)C)C)C)c1cccc(c1O)OC,C(C(C)=CCCC(=CCCC(C)=CCCC(=CCCC(=CCc1cccc(c1O)OC)C)C)C)CC=C(C)CCC=C(CCC=CC)C,C(=CCCC(C)=CCCC(C)=CCCC(=CCCC(C)=CCCC(=CCCC(C)=CCc1cccc(c1O)OC)C)C)(CCC=CC)C,C46H70O2,655.0,"InChI=1S/C46H70O2/c1-10-11-12-20-37(2)21-13-22-38(3)23-14-24-39(4)25-15-26-40(5)27-16-28-41(6)29-17-30-42(7)31-18-32-43(8)35-36-44-33-19-34-45(48-9)46(44)47/h10-11,19,21,23,25,27,29,31,33-35,47H,12-18,20,22,24,26,28,30,32,36H2,1-9H3",MJLXNZUZQMWZTB-UHFFFAOYSA-N,"2-(3,7,11,15,19,23,27-Heptamethyldotriaconta-2,6,10,14,18,22,26,30-octaenyl)-6-methoxyphenol",15.8,654.53758147,654.53758147,29.5,1120.0,0.0,1.0,2.0,24.0,48.0,0.0,0,0.0,0.0,8,0.0,8.0,1.0,0,0,0,,,,,,,,,,,,,,0,AAADcfB8MAAAAAAAAAAAAAAAAAAAAAAAAAAwAAAAAAAAAAABAAAAGgAACAAADASAmAIyBoAABgCAAiBCAAACCAAgIAAIiAAGiIgNJiKGMRqAcCMkwBELuAeAwLAOAAABAAAIQAAAAAIAABCAAAAAAAAAAA==
46,57,"2-(3,7,11,15,19,23,27,31-octamethyldotriaconta-2,6,10,14,18,22,26,30-octaenyl)phenol",CC(C)=CCCC(C)=CCCC(C)=CCCC(C)=CCCC(C)=CCCC(C)=CCCC(C)=CCCC(C)=CCc1ccccc1O,C(CC=C(CCC=C(C)CCC=C(CCC=C(C)C)C)C)C(=CCCC(=CCCC(=CCCC(=CCc1c(cccc1)O)C)C)C)C,CC(C)=CCCC(C)=CCCC(C)=CCCC(=CCCC(=CCCC(C)=CCCC(=CCCC(C)=CCc1ccccc1O)C)C)C,C(CCC(=CCCC(C)=CCCC(=CCCC(=CCCC(=CCCC(C)=CCCC(C)=CCc1ccccc1O)C)C)C)C)=C(C)C,C(CC=C(CCC=C(CCC=C(C)CCC=C(CCC=C(C)CCC=C(C)CCC=C(C)C)C)C)C)C(C)=CCc1ccccc1O,C46H70O,639.0,"InChI=1S/C46H70O/c1-37(2)19-12-20-38(3)21-13-22-39(4)23-14-24-40(5)25-15-26-41(6)27-16-28-42(7)29-17-30-43(8)31-18-32-44(9)35-36-45-33-10-11-34-46(45)47/h10-11,19,21,23,25,27,29,31,33-35,47H,12-18,20,22,24,26,28,30,32,36H2,1-9H3",VUNQJPPPTJIREN-UHFFFAOYSA-N,"2-(3,7,11,15,19,23,27,31-Octamethyldotriaconta-2,6,10,14,18,22,26,30-octaenyl)phenol",16.6,638.54266685,638.54266685,20.2,1110.0,0.0,1.0,1.0,23.0,47.0,0.0,0,0.0,0.0,7,0.0,7.0,1.0,38,13,2,,,,,,,,,,,,,,0,AAADcfB8IAAAAAAAAAAAAAAAAAAAAAAAAAAwAAAAAAAAAAABAAAAGgAACAAADASAmAAyBoAAAgCAAiBCAAACAAAgIAAIiAAGCIgIJiKCERKAcAAkwBEImAeAwKAOAAAAAAAIAAAAAAAAABAAAAAAAAAAAA==
47,58,2-oxobutanoic acid,CCC(=O)C(=O)O,O=C(O)C(CC)=O,O=C(O)C(=O)CC,O=C(C(=O)CC)O,O=C(C(CC)=O)O,C4H6O3,102.09,"InChI=1S/C4H6O3/c1-2-3(5)4(6)7/h2H2,1H3,(H,6,7)",TYEYBOSBBBHJIV-UHFFFAOYSA-N,2-Oxobutanoic acid,0.1,102.031694049,102.031694049,54.4,95.1,0.0,1.0,3.0,2.0,7.0,0.0,0,0.0,0.0,0,0.0,0.0,1.0,8526,3230,1128,78.5,3.01,1.25,0.57,5.0,3.0,0.0,1.0,0.0,0.0,1.0,0.4,2.0,4,AAADcYBgMAAAAAAAAAAAAAAAAAAAAAAAAAAAAAAAAAAAAAAAAAAAGgAACAAACASAgAACCAAAAgAIAICQCAIAAAAAAAAAAAFAAAAAABAAAAAAQAAEAAAAAAAAAAAAAAAAAAAAAAAAAAAAAAAAAAAAAAAAAA==
48,59,3-hydroxy-2-phosphonooxypropanoic acid,O=C(O)C(CO)OP(=O)(O)O,OC(C(OP(O)(=O)O)CO)=O,P(OC(C(=O)O)CO)(O)(=O)O,C(O)C(OP(O)(=O)O)C(O)=O,C(=O)(O)C(OP(O)(=O)O)CO,C3H7O7P,186.06,"InChI=1S/C3H7O7P/c4-1-2(3(5)6)10-11(7,8)9/h2,4H,1H2,(H,5,6)(H2,7,8,9)",GXIURPTVHJPJLF-UHFFFAOYSA-N,2-Phosphoglyceric acid,-2.6,185.99293956,185.99293956,124.0,182.0,0.0,4.0,7.0,4.0,11.0,0.0,1,0.0,1.0,0,0.0,0.0,1.0,14890,5411,1921,118.7,3.42,1.75,1.11,9.0,6.0,1.0,2.0,0.0,0.0,0.0,0.6,4.0,10,AAADcYBAOAIAAAAAAAAAAAAAAAAAAAAAAAAAAAAAAAAAAAAAAAAAGgAACCAACBSggAIACAAAAxAIQACQCIIAAAAAAAAAAAFAAAABEAQAAAAAQAABIAABAAAAAAAAAAAAAAAAAAAAAAAAAAAAAAAAAAAAAA==
49,61,"2,3-diphosphonooxypropanoic acid",O=C(O)C(COP(=O)(O)O)OP(=O)(O)O,P(O)(OC(COP(O)(=O)O)C(=O)O)(=O)O,C(=O)(O)C(COP(O)(=O)O)OP(=O)(O)O,OC(C(OP(O)(=O)O)COP(O)(=O)O)=O,C(C(O)=O)(COP(=O)(O)O)OP(O)(=O)O,C3H8O10P2,266.04,"InChI=1S/C3H8O10P2/c4-3(5)2(13-15(9,10)11)1-12-14(6,7)8/h2H,1H2,(H,4,5)(H2,6,7,8)(H2,9,10,11)",XOHUEYCVLUUEJJ-UHFFFAOYSA-N,"2,3-Diphosphoglyceric acid",-3.7,265.95927044,265.95927044,171.0,311.0,0.0,5.0,10.0,6.0,15.0,0.0,1,0.0,1.0,0,0.0,0.0,1.0,3366,1145,1677,162.4,6.71,1.98,1.21,11.0,8.0,0.0,3.0,0.0,0.0,0.0,0.6,6.0,10,AAADccBAPAMAAAAAAAAAAAAAAAAAAAAAAAAAAAAAAAAAAAAAAAAAGgAACCAACBSggAIACAAAAxAIQACQCIIAAAAAAAAAAAFAAAABAAQAAAAAQAABIAABAAAAAAAAAAAAAAAAAAAAAAAAAAAAAAAAAAAAAA==
50,62,"2,4,5-trichlorocyclohexa-2,5-dien-1-ol",OC1C=C(Cl)C(Cl)C=C1Cl,C1C(O)C(Cl)=CC(C=1Cl)Cl,C1(Cl)C(=CC(O)C(=C1)Cl)Cl,C1(=CC(Cl)C(Cl)=CC1O)Cl,C1(Cl)=CC(C(=CC1O)Cl)Cl,C6H5Cl3O,199.5,"InChI=1S/C6H5Cl3O/c7-3-1-5(9)6(10)2-4(3)8/h1-3,6,10H",KRQUJBMPSDPYMT-UHFFFAOYSA-N,"2,4,5-Trichlorocyclohexa-2,5-dien-1-ol",1.9,197.940598,197.940598,20.2,197.0,0.0,1.0,1.0,0.0,10.0,0.0,2,0.0,2.0,0,0.0,0.0,1.0,0,0,15,129.7,3.76,1.95,0.92,3.0,1.0,1.0,0.0,0.0,1.0,0.0,0.4,0.4,4,AAADcYBgIAAGAAAAAAAAAAAAAAAAAAAAAAAgAAAAAAAAAAAAAAAAGgIACAAACBeggEIAAAAAAgCAACBCAAAAAAAgAAAACEAAAwgAFAAAAQAAEAAAAAAIEAIAAAAAAAAAAAAAAAAAAAAAAAAAAAAAAAAAAA==
